text,emoji,sentiment,neg,neu,pos,compound,detected
Ã°ÂŸÂ˜Â‰ hahaha,:joy:,positive,0.0,0.217,0.783,,True
Ã°ÂŸÂ¤Â—,:heartbeat:,neutral,0.0,1.0,0.0,,False
Simple idea and very effective. Ã Â®Â¨Ã Â®Â©Ã Â¯ÂÃ Â®Â±Ã Â®Â¿!,:thumbsup:,neutral,0.0,0.731,0.269,,False
How to make it work in Microsoft Edge and Microsoft Chrome Browser because it doesn't work there at this moment and many companies only have Microsoft browsers,:rage:,neutral,0.0,1.0,0.0,,False
Thanks for the information,:thumbsup:,neutral,0.0,0.508,0.492,,False
"Very helpfull, thanks!",:thumbsup:,positive,0.0,0.366,0.634,,True
I am not able to create this or set this image in the desired box. In the same tutorial you can see in the second screen,:confounded:,neutral,0.065,0.86,0.075,,False
I am an extreme begginer pls pray for me as I want to perdue my career in freelance online earning,:pray:,neutral,0.0,0.677,0.323,,False
Hi... blessings from Pakistan...you really delivered the lesson wonderfully.....,:blush:,positive,0.0,0.486,0.514,,True
Clean and clear .Ã°ÂŸÂ‘ÂŒÃ°ÂŸÂÂ» thank you brother!,:relaxed:,positive,0.0,0.331,0.669,,True
"Your Figma UI Design is awesome. Just 24 Minutes I learned a lot.  Design is a big process, software is a tool. Great video.Ã¢ÂÂ¤Ã¯Â¸ÂÃ°ÂŸÂ‘ÂŒ",:thumbsup:,neutral,0.0,0.728,0.272,,False
So interesting. I used the food delivery layout too! It's displaying a laptop webpage so I just made a mobile layout similar to the one in this vid! It looks like I'll explore for a while. Ã°ÂŸÂ˜Â„,:sparkles:,neutral,0.0,0.852,0.148,,False
Nice video..,:thumbsup:,positive,0.0,0.263,0.737,,True
Sir thanks for this vedio. My question is; how do you open that food delivery app ui you got from dogma resources in a new browser tab way so they will be separated. What key do you use to move your design around,:rage:,neutral,0.0,0.935,0.065,,False
"CHECK OUT MY UI DESIGNS

TWITTER
https://www.figma.com/file/u5maXAamwAWNVgtZhgGUhK/TWITTER-UI-CLONE

INSTAGRAM
https://www.figma.com/file/h6rNQwvhOXLLkGXfzIcTZD/Instagram-UI-PARODY

DUNU FOOD APP
https://www.figma.com/file/sKRKSZDtsdnySimgDWdHwK/DUNU

JORDAN WEBSITE.....Scrappy.....
https://www.figma.com/file/xuyb2MAbGO2vNaxSClqZSc/jordan",:heartbeat:,neutral,0.0,1.0,0.0,,False
Thank you for video! Is it vital to create leyers? I have faced a problem when I want to change a background picture or any element in the middle I becomes a mess and i have to redo all the elements.. will letering help? Or is there a way to change the picture in the background without leyering?,:rage:,neutral,0.077,0.752,0.171,,False
"You not only taught me Figma, you taught me how to learn it in a faster way!",:100:,neutral,0.0,1.0,0.0,,False
Lol,:eyes:,positive,0.0,0.0,1.0,,True
"Okay, so Figma is just Adobe XD.",:heartbeat:,neutral,0.0,0.759,0.241,,False
Can you use figma with only an iPad Pro or do you need to have a laptop?,:confused:,neutral,0.0,1.0,0.0,,False
Great tutorial! Understood very well.,:thumbsup:,positive,0.0,0.307,0.693,,True
"WOW! This really helps me, as I am a beginner in design field. It's a great for beginners. Really appreciatedÃ°ÂŸÂ’Â¯",:thumbsup:,neutral,0.0,0.59,0.41,,False
Thank you very much,:clap:,neutral,0.0,0.545,0.455,,False
Hey Sunny! Try downloading the desktop version of Figma! It always works better,:sunglasses:,neutral,0.0,0.636,0.364,,False
No worries!,:v:,positive,0.0,0.276,0.724,,True
Ã°ÂŸÂ™ÂÃ°ÂŸÂ™ÂÃ°ÂŸÂ™ÂÃ°ÂŸÂ™ÂÃ°ÂŸÂ™ÂÃ°ÂŸÂ™ÂÃ°ÂŸÂ™ÂÃ°ÂŸÂ™Â,:pray:,neutral,0.0,1.0,0.0,,False
So nice of you Ã°ÂŸÂ™Â,:relaxed:,neutral,0.0,0.564,0.436,,False
No problem Ã°ÂŸÂ‘Â,:muscle:,positive,0.0,0.47,0.53,,True
Happy to hear that!,:blush:,positive,0.0,0.429,0.571,,True
Ã°ÂŸÂ˜Â thatÃ¢Â€Â™s great!,:thumbsup:,positive,0.0,0.313,0.687,,True
"Figma is Figma. However, you're somewhat right. If you're already know how to use Adobe XD or Sketch, you won't have any problems with working in Figma Ã°ÂŸÂ¤Â—",:stuck_out_tongue_winking_eye:,neutral,0.0,0.793,0.207,,False
Hey Timothy! It seems that it will work on an iPad (in a browser) but we're not sure how well. We like running it on a desktop computer or a laptop.,:thumbsup:,neutral,0.137,0.773,0.09,,False
Great to hear!,:thumbsup:,positive,0.0,0.313,0.687,,True
Glad it was helpful!,:thumbsup:,positive,0.0,0.247,0.753,,True
I've been trying to copy a file onto figma it's way harder than how you show it on the video all I get is download but no open in figma. Please help what am I doing wrong or what am I suppose to do?,:cry:,neutral,0.13,0.748,0.122,,False
"I was getting really discouraged. I really appreciate the fact I found this video. It's been a winding road, but I got this :) Thank you sir. I'm subscribing to ALL your content",:pray:,neutral,0.049,0.707,0.244,,False
That's the best tutorial about Figma  I've seen so far ! Thank you !,:smile:,neutral,0.0,0.614,0.386,,False
"I really appreciate this! Going to start practicing today, so excited!",:grin:,neutral,0.0,0.573,0.427,,False
Great,:unamused:,positive,0.0,0.0,1.0,,True
"I had lost the video, forgot to put it into my Keep notes, and I was afraid I was going to have difficulty finding it. Al'hamdolillaah, found it as the first option of search :)",:heartbeat:,neutral,0.118,0.806,0.076,,False
"After designing will the app just work automatically how can I integrate api like for vitual card generator,  or otp message verification, or account balance management, admin interface. Please help here",:pray:,neutral,0.0,0.789,0.211,,False
Hi - I have just black background when I log in into figma - do yo know how to change it ?,:sparkles:,neutral,0.0,1.0,0.0,,False
thank you! this was useful!,:smile:,positive,0.0,0.334,0.666,,True
i just want to say: PERFECT! thank you!!,:smile:,positive,0.0,0.354,0.646,,True
"This video was excellent for a beginner using Figma for the first time, thank you so much!",:clap:,neutral,0.0,0.698,0.302,,False
Simple and quite helpful..,:relieved:,positive,0.0,0.492,0.508,,True
"This is great, GOD bless you for this tutorial",:pray:,positive,0.0,0.381,0.619,,True
A good teacher. well explained. thank you,:thumbsup:,positive,0.0,0.348,0.652,,True
:elbowcough::elbowcough::elbowcough:,:heartbeat:,neutral,0.0,1.0,0.0,,False
Thank youÃ°ÂŸÂ–Â¤,:heartbeat:,positive,0.0,0.286,0.714,,True
24 min tutorial to create two rectangles and a circle,:muscle:,neutral,0.0,0.811,0.189,,False
Thank you Ã°ÂŸÂ˜ÂŠ,:pray:,positive,0.0,0.444,0.556,,True
Figma what?,:flushed:,neutral,0.0,1.0,0.0,,False
Thank you!,:pray:,positive,0.0,0.264,0.736,,True
Hey Luther! We can't really help without seeing the file but you might find an answer here: https://help.figma.com/hc/en-us,:smile:,neutral,0.107,0.893,0.0,,False
Glad it helped!,:thumbsup:,positive,0.0,0.378,0.622,,True
It's very good!,:thumbsup:,positive,0.0,0.365,0.635,,True
Ã¢ÂÂ¤Ã¯Â¸Â,:heartbeat:,neutral,0.0,1.0,0.0,,False
Have fun!,:v:,positive,0.0,0.218,0.782,,True
Excellent!,:thumbsup:,positive,0.0,0.0,1.0,,True
Agreed!,:thumbsup:,positive,0.0,0.0,1.0,,True
You're very welcome!,:blush:,positive,0.0,0.358,0.642,,True
Glad it was helpful!,:thumbsup:,positive,0.0,0.247,0.753,,True
Glad it was helpful!,:thumbsup:,positive,0.0,0.247,0.753,,True
Glad it was helpful!,:thumbsup:,positive,0.0,0.247,0.753,,True
You're welcome Ã°ÂŸÂ˜ÂŠ,:wink:,positive,0.0,0.4,0.6,,True
My website doesnÃ¢Â€Â™t let me copy to figma. What do i do,:cry:,neutral,0.0,1.0,0.0,,False
what is the next video to watch after this please?,:see_no_evil:,neutral,0.0,0.774,0.226,,False
"Easy to understand, I appreciate what you did here",:relieved:,neutral,0.0,0.556,0.444,,False
"I want to start a career in UI/UX designs and this video just gave me the courage I needed. Thank you, AJ!",:pray:,neutral,0.0,0.723,0.277,,False
This tutorial taught me more than all of the Figma channel ones! The music playing in the background and not being able to see which buttons on the screen the narrator was clicking (like you have in the bottom left) was distracting! I thought it was me because everyone in the comments was saying how amazing all of them were! This video takes into account way more learning styles.,:smile:,neutral,0.029,0.853,0.118,,False
"Thank you very much for this beginners' class. I learnt so much and I practised on my own. I got everything perfectly well.
You are a great tutor! Looking forward to watching more amazing videos of yours again.",:thumbsup:,neutral,0.0,0.656,0.344,,False
Amazing video.. I like it,:thumbsup:,positive,0.0,0.323,0.677,,True
Thank you tons! This was incredibly helpful.,:blush:,positive,0.0,0.459,0.541,,True
This is exactly what I wanted and needed. Thanks :)!,:thumbsup:,neutral,0.0,0.738,0.262,,False
Thank You for this nice introduction to Figma,:pray:,neutral,0.0,0.511,0.489,,False
Thank you Ã°ÂŸÂ¥Â°,:pray:,positive,0.0,0.444,0.556,,True
This gave me instant understanding of Figma. Thank you.,:pray:,neutral,0.0,0.762,0.238,,False
Very helpful! Thank you so much!,:blush:,positive,0.0,0.383,0.617,,True
This was a great video! Thank you,:blush:,positive,0.0,0.42,0.58,,True
"so, how do you make the buttons responsive and open second frame after like clicking on login",:neutral_face:,neutral,0.0,0.75,0.25,,False
very helpfull video,:clap:,neutral,0.0,1.0,0.0,,False
Bahut hi badiya,:smile:,neutral,0.0,1.0,0.0,,False
thanks for the tutorials and tips. Helped me alotttt.. Ã°ÂŸÂ™ÂŒÃ°ÂŸÂ™ÂŒ,:thumbsup:,neutral,0.0,0.756,0.244,,False
"Thanks so much for this, it really help",:pray:,neutral,0.0,0.504,0.496,,False
Amazing and very thorough!!!!!Ã°ÂŸÂ‘ÂÃ°ÂŸÂÂ¾,:clap:,positive,0.0,0.377,0.623,,True
What do you mean?,:notes:,neutral,0.0,1.0,0.0,,False
What would you like to learn?,:notes:,neutral,0.0,0.667,0.333,,False
"Thank you for replying my comment, I would love to become a successful UI/UX designer, I have previous experience in web development using html css and js.",:thumbsup:,neutral,0.0,0.696,0.304,,False
"Right now I'm really new to figma, and this is the second video tutorial I'm watching on learning figma designs, your tutorial is quite comprehensive but then I still need some more like this to get my sef on the right track.",:sweat_smile:,neutral,0.0,0.882,0.118,,False
"Cheers, Dan!",:thumbsup:,positive,0.0,0.228,0.772,,True
Agree!,:thumbsup:,positive,0.0,0.0,1.0,,True
"Best of luck, Charles! Ã°ÂŸÂ¥Â³",:thumbsup:,positive,0.0,0.286,0.714,,True
Hey Sarad! This is a great tutorial about that https://www.youtube.com/watch?v=PNJxeD29ZTg,:smile:,neutral,0.0,0.672,0.328,,False
Glad to hear that!,:thumbsup:,positive,0.0,0.477,0.523,,True
Glad it helped!,:thumbsup:,positive,0.0,0.378,0.622,,True
Thank you!!,:pray:,positive,0.0,0.245,0.755,,True
"Thanks so much for making this tutorial. Was engaging and easy to follow. Can you please make a tutorial on different aspects of Figma 
series?",:pray:,neutral,0.0,0.667,0.333,,False
image pasting isn't working for me? Is there another way to do it?,:confused:,neutral,0.0,1.0,0.0,,False
"""Get Started in Just 24 Minutes!""

Should have been named: ""Get started with a Template in just 24 minutes!""",:expressionless:,neutral,0.0,1.0,0.0,,False
I appreciate man,:pray:,positive,0.0,0.426,0.574,,True
Best tutorial video I have seen,:clap:,neutral,0.0,0.543,0.457,,False
How can I become Product Designer?,:confused:,neutral,0.0,1.0,0.0,,False
this was very useful video. thank you,:blush:,positive,0.0,0.456,0.544,,True
really helpful. thanks,:thumbsup:,positive,0.0,0.138,0.862,,True
Great video! Straight to the point and easy to follow along. Perfect for beginners like myself. Thank you!,:thumbsup:,positive,0.0,0.398,0.602,,True
Thanks for your tutorial but I can't find free UI to copy on figma resource. Could you please help ?,:cry:,neutral,0.127,0.571,0.302,,False
I wish I could work with this team. I love an environment like this,:blue_heart:,neutral,0.0,0.539,0.461,,False
nice,:thumbsup:,positive,0.0,0.0,1.0,,True
Is there not a figma offline desktop sofware like adobe xd? You must always be online with figma?,:heartbeat:,neutral,0.0,0.791,0.209,,False
Hi . I want to ask something not tegarding figma.its regarding ux designer journey. Does it worth to join the ux bootcamp .Do they really help to get the job? Is it possible after completing less than 2 months course you can get job as ux designet.My concern is how to start career as ux designer by just having ome certification,:thumbsup:,neutral,0.0,0.872,0.128,,False
"Thank you - Love, Peace and Educate",:v:,positive,0.0,0.282,0.718,,True
THANKS for great video,:thumbsup:,positive,0.0,0.205,0.795,,True
So helpful!!,:thumbsup:,positive,0.0,0.214,0.786,,True
Thank you so much for this tutorial,:pray:,neutral,0.0,0.706,0.294,,False
Thanks. This vid helps us newbies a lot,:thumbsup:,neutral,0.0,0.522,0.478,,False
love u,:heartbeat:,positive,0.0,0.192,0.808,,True
Figma simplified!,:heartbeat:,neutral,0.0,1.0,0.0,,False
"This video is such an eye opener, thank you so much. 

But I want to ask, can one convert figma designs into a programming language?",:eyes:,neutral,0.0,0.878,0.122,,False
Wao Seth Rollins teaching figma :Ã¢Â€Â™) what a world.,:clap:,neutral,0.0,1.0,0.0,,False
"Thank you for the tutorial! Ã°ÂŸÂ‘ÂÃ°ÂŸÂÂ»
""Maybe your banking app is really really bad""
Yes it is, how do you know? Ã°ÂŸÂ˜",:wink:,neutral,0.14,0.653,0.207,,False
"Great video, extremely  insightful!Ã°ÂŸÂ˜ÂŠ",:thumbsup:,positive,0.0,0.406,0.594,,True
how do I do a side by side comparison for an old websites home page and your new redesigned home page? Im new to sigma and also new to UI/UX ( starting a case study /portfolio) thank you!!,:purple_heart:,neutral,0.0,0.923,0.077,,False
"Really like the way, approach and method you deploy to explain Figma UI really impressive tried it already and i did well, but i got a job to design a restaurant flyer and the top part was in multi-color but don't know how to take care of that just like where you used the image from Unsplash...kindly assist",:thumbsup:,neutral,0.0,0.77,0.23,,False
amazing video,:clap:,positive,0.0,0.208,0.792,,True
Helpful,:thumbsup:,positive,0.0,0.0,1.0,,True
great lessons,:clap:,positive,0.0,0.196,0.804,,True
good job and thanks.,:thumbsup:,positive,0.0,0.256,0.744,,True
Best tutorial have seen so far on figma. Easy to understand and follow along.,:thumbsup:,neutral,0.0,0.628,0.372,,False
"Great video. Where can I learn more about the ""theory"" you were speaking about towards the end of the video?",:thumbsup:,neutral,0.0,0.823,0.177,,False
Thanks,:kissing_heart:,positive,0.0,0.0,1.0,,True
Why cant i copy the tamplate from figma resources? There just download and preview option,:angry:,neutral,0.0,1.0,0.0,,False
GOAT,:raised_hands:,neutral,0.0,1.0,0.0,,False
This is how anyone should start learning figma!,:facepunch:,neutral,0.0,1.0,0.0,,False
Thank you for an awesome tutorial!!,:smile:,positive,0.0,0.358,0.642,,True
"excellent tutorial.It will be great if there are a series of skills, or some advance ones. It is worth to pay the membership fees.",:thumbsup:,neutral,0.045,0.643,0.312,,False
I cannot find the copy to figma button?,:angry:,neutral,0.0,1.0,0.0,,False
Thank you so much.,:pray:,neutral,0.0,0.545,0.455,,False
Thank you! This was very informative and easy to follow! I just heard of Figma yesterday and wanted to learn how to use it and this was the perfect introduction!,:thumbsup:,neutral,0.0,0.725,0.275,,False
Download Figma Free UI Resources: https://freeuiresources.com,:heartbeat:,neutral,0.0,0.602,0.398,,False
Nice video. Thanks. want more on related topics.,:thumbsup:,positive,0.0,0.417,0.583,,True
Thanks for the awesome tips,:thumbsup:,positive,0.0,0.3,0.7,,True
I can create this design in just 5 minutes in unity engine,:raised_hands:,neutral,0.0,0.84,0.16,,False
https://youtu.be/DuGd0mS8igo,:heartbeat:,neutral,0.0,1.0,0.0,,False
"Thanks! This was really helpful :) switching from XD and I feel like this is much better and especially with this great explanation, I have a better view on it!",:smile:,positive,0.0,0.441,0.559,,True
this is fucking awesome and easy for the love of god thank you for the amazing explanation.,:pray:,positive,0.0,0.353,0.647,,True
Very helpful. Thanks for your effort!,:thumbsup:,positive,0.0,0.379,0.621,,True
"Please I'm from nigeria, I'd like a step by step procedure on how to use stigma by a first timer, especially for someone without a laptop, like is it possible to use figma without a laptop? And you talk kinda fast too. Please take your time and talk alittle slower, I'm sorry if it sounds rude buh i could barely grab a word.",:confused:,neutral,0.091,0.811,0.097,,False
3:43 there is no such button on the website when I visit. Same website. I don't get it.,:neutral_face:,neutral,0.115,0.885,0.0,,False
"Super helpful video, thank you!",:thumbsup:,positive,0.0,0.174,0.826,,True
This was incredibly helpful! Just switching over from XD. Good stuff!,:thumbsup:,neutral,0.0,0.578,0.422,,False
ty for video,:sparkles:,positive,0.0,0.435,0.565,,True
Well organized thanks for this,:thumbsup:,positive,0.0,0.375,0.625,,True
Thank you AJ,:pray:,positive,0.0,0.444,0.556,,True
do we need to know the illustrator or photoshop for UX UI?,:eyes:,neutral,0.0,1.0,0.0,,False
"Glad it was helpful, Ashley!",:thumbsup:,positive,0.0,0.33,0.67,,True
"Hey Swapnil! No, mastering one wireframing and prototyping tool like Figma should be enough in most cases.",:angry:,neutral,0.0,0.851,0.149,,False
ÃÂ†ÃÂ¹ÃÂ³ÃÂ¼ÃÂ± ÃÂ²ÃÂ¿ÃÂ»ÃÂ»ÃÂƒ,:heartbeat:,neutral,0.0,1.0,0.0,,False
"Quite like it, it's a good way to get started !!",:thumbsup:,neutral,0.0,0.589,0.411,,False
I hope you will reach millions of subs quickly in the future.,:pray:,neutral,0.0,0.714,0.286,,False
Helped ma alot. Ã¢ÂÂ¤Ã¯Â¸Â,:heartbeat:,neutral,0.0,1.0,0.0,,False
thank you so much for sharing this. you made it so simple and uncomplicated.,:heart:,neutral,0.0,0.683,0.317,,False
Thank you for this amazing video!,:clap:,positive,0.0,0.354,0.646,,True
"Great video Sir, subbed~",:thumbsup:,positive,0.0,0.423,0.577,,True
can someone save an image and paste on figma,:eyes:,neutral,0.0,0.714,0.286,,False
I am at only 1/3 of the video and I cannot wait to leave a comment: This is amazing!,:smile:,neutral,0.0,0.764,0.236,,False
"lol I thought that said ""ligma balls""",:skull:,neutral,0.0,0.682,0.318,,False
"I came to the right video, thank you! It was very well explained. I am a Graphic Designer and what I usually use is Photoshop. I'll try to use Figma soon, you explained it so eassyy Ã¢ÂœÂ¨",:wink:,neutral,0.0,0.871,0.129,,False
"Such a well made video! You explained how to execute things in such an easier manner. IÃ¢Â€Â™m just learning Figma, and watching this video really helped jog my memory on a few of the tools I forgot about, so thank you! CanÃ¢Â€Â™t wait to start back up, and play around creating mock-ups.",:thumbsup:,neutral,0.0,0.779,0.221,,False
"Awesome video, well done - thanks!!",:thumbsup:,positive,0.0,0.237,0.763,,True
I cant believe i just learnt from seth rollins tutorial of figma,:flushed:,neutral,0.0,1.0,0.0,,False
"Wow - What a perfect video.

I'm a former programmer here. A career change took place and I'm now a Registered Nurse. Excitingly, I have jumped back into some programming trying to create some health (IOS) apps for my workplace and nursing buddies.

Started learning the basics of SWIFT UI and then came along the 'design' component of apps.

Figma seemed to be talked about a lot. Thankfully, youtube offered your awesome intro to Figma. 

THANK YOU SO MUCH! :-)   You've saved me hours, upon hours of struggling. Will definitely be following your basic principles of copying someone's design and practising accordingly. 

Take care!",:thumbsup:,neutral,0.021,0.692,0.287,,False
figma balls,:mask:,neutral,0.0,1.0,0.0,,False
"Ã°ÂŸÂŒÂŸ Visit Our vedio Ã°ÂŸÂ‘Â‡Ã°ÂŸÂ‘Â‡Ã°ÂŸÂ‘Â‡
Ã¢Â˜Â‘Ã¯Â¸Â https://youtu.be/luef5GKoS6I",:pray:,neutral,0.0,1.0,0.0,,False
There was no option of copy to figma.. there was however a download option..,:angry:,neutral,0.145,0.855,0.0,,False
This is a perfect video.. I find it very useful,:thumbsup:,neutral,0.0,0.537,0.463,,False
Very helpful,:thumbsup:,positive,0.0,0.244,0.756,,True
"At 4:17 there is no 'duplicate to ur draft' button, it only a 'duplicate' button that doesn't allow me to edit it afterwards.. Can some help plz??",:angry:,neutral,0.124,0.737,0.14,,False
so basically like chrome photoshop Ã°ÂŸÂ˜ÂˆğŸ«±Ã°ÂŸÂÂ»â€ğŸ«²Ã°ÂŸÂÂ¾,:wink:,neutral,0.0,0.643,0.357,,False
Ã¢ÂœÂ¨Ã°ÂŸÂ§Â¡,:muscle:,neutral,0.0,1.0,0.0,,False
"Hello! Your video is very educating and easier to grasp a novice, thanks for explaining in simpler terms. As a newbie in the world of UI, how do I go about creating a design that will fit all phone screen ratio? Cause am wondering one don't have to he clicking on a specific phone model all the time.",:rage:,neutral,0.0,0.831,0.169,,False
"Anyone had problems with images not showing when you play the prototype?

Some of my images appear just fine and some donÃ¢Â€Â™t appear at all when I play prototype",:angry:,neutral,0.079,0.729,0.192,,False
I need 1 figma design of Quiz App. Plz help me,:pray:,neutral,0.0,0.692,0.308,,False
Wow that is so Amazing Sir.,:clap:,positive,0.0,0.316,0.684,,True
yipppeeee,:heartbeat:,neutral,0.0,1.0,0.0,,False
This is funny because people think that learn how to program when all they're doing is drawing on a placemat,:joy:,neutral,0.0,0.868,0.132,,False
So all you have to do is to design? And how will it work? Or you will pass it to UX professional to make it work?,:confused:,neutral,0.0,1.0,0.0,,False
thankyou guys,:kissing_heart:,neutral,0.0,1.0,0.0,,False
amazing video! thank you so much about a great fresh start for my Figma creating,:thumbsup:,positive,0.0,0.397,0.603,,True
"i started a new channel on figma please check it out friends.Ã°ÂŸÂ™Â
https://youtu.be/LsrmZkHqA5g",:thumbsup:,neutral,0.0,0.839,0.161,,False
"Thank u so much, literally it's super easy to understand compare to other tutorials. Please keep making contents like this.",:pray:,neutral,0.0,0.515,0.485,,False
This helps a lot for beginners like me. Kuddos to this great video!,:thumbsup:,positive,0.0,0.493,0.507,,True
Thank you very much for this video!!!,:clap:,neutral,0.0,0.64,0.36,,False
"After watching this video:
Me: ""Figma is soooo easyyyyy to use""..................
One more thing I'm confused about: Are you and Seth Rollins, twins?",:neutral_face:,neutral,0.104,0.896,0.0,,False
"thanks, buddy this video helps me alot",:thumbsup:,positive,0.0,0.476,0.524,,True
The production of this video is top-notch! So amazing!,:clap:,neutral,0.0,0.595,0.405,,False
"Hi, I just tried to copy from figmaresources to figma but there is no that option.  Is it still possible to do or they have changed that option? Thank You.",:blush:,neutral,0.082,0.822,0.095,,False
Happy to help!,:blush:,positive,0.0,0.13,0.87,,True
Sure thing!,:musical_note:,positive,0.0,0.278,0.722,,True
"You're so welcome, Donna!",:smile:,positive,0.0,0.456,0.544,,True
"""Your banking app is really bad so you started putting together a new design..."" - Oh yes you're going to do such a good job compared to professionals that designed your banking app.",:clap:,neutral,0.096,0.762,0.142,,False
This file doesnÃ¢Â€Â™t work anymore unfortunately.:::,:cry:,neutral,0.324,0.676,0.0,,False
"Wow this so cool , you are awesome Ã°ÂŸÂ‘ÂÃ°ÂŸÂÂ¾ 
Thank you ! 
I wish u have online course ! I will be first to buy",:smile:,neutral,0.0,0.551,0.449,,False
Its Amazing thanks Amr,:heartbeat:,positive,0.0,0.23,0.77,,True
"its really helpful, im just starting to learn figma, this alone has encorage me to do more. from Nigeria",:sweat:,neutral,0.101,0.761,0.138,,False
"This video really helped me, because I want to be UI/UX Designer. JUST THANK U ;)",:heartbeat:,neutral,0.0,0.669,0.331,,False
Thanks a LOT!!  It was very useful to me,:thumbsup:,neutral,0.0,0.512,0.488,,False
Thankyou !!  This helped alot :),:heartbeat:,neutral,0.0,0.582,0.418,,False
"Do you want best UI/UX tutorials: 
Checkout these amazing videos: https://youtu.be/k9-Aof87PYA",:sparkles:,positive,0.0,0.462,0.538,,True
"This was great! I followed along with the video as I tinkered on Figma, so it was like I was in sitting in a class. Thanks a lot! :)",:heartbeat:,neutral,0.0,0.652,0.348,,False
Ã°ÂŸÂ˜ÂŸhey srry how can i clip content with 2 diffrent images on a frame,:cry:,neutral,0.0,1.0,0.0,,False
"I like this guy already, anywhere guys using shortcuts and copy pasting, I'm in.",:thumbsup:,neutral,0.0,0.839,0.161,,False
"After using tools like Photoshop, thanks to use the same keys commands, is very easy. I used before Adobe XD, and I'm interested about how much you can do with figma, about put animations, videos, active buttons, etc...",:thumbsup:,neutral,0.0,0.702,0.298,,False
Thanks for sharing,:thumbsup:,positive,0.0,0.149,0.851,,True
"that was very helpful, thank you!",:blush:,positive,0.0,0.394,0.606,,True
Amazing video! I have learned a ton from these 20 something minutes. It's not my first time trying to look into figma and tutorials/docs but it was all just so overwhelming before. Thanks a lot for the awesome explanations and clear tips.,:thumbsup:,neutral,0.0,0.704,0.296,,False
Wow thank you,:pray:,positive,0.0,0.137,0.863,,True
Because of this video I can confidently add Figma to my resume now.  Thanks so much!,:smile:,neutral,0.0,0.69,0.31,,False
"How to exactly copy those swoosh or any swoosh from someone's existing design to your design?? Or if you could teach me to create swoosh from scratch, I'll be grateful",:pray:,neutral,0.0,0.837,0.163,,False
"Thank you so very much Too good,too fast ,too accurate and knowledgeable and also confidance building.",:thumbsup:,neutral,0.0,0.857,0.143,,False
I am just starting out as UI UX Designer and even the paid course on Udemy was nothing compared to what u showed in first few minutesÃ¢Â€Â¦ thank you so so much for sharing your knowledge Ã¢Â€Â¦. I canÃ¢Â€Â™t wait to start a project and get the needed confidence Ã°ÂŸÂ˜ÂŠ,:thumbsup:,neutral,0.0,0.841,0.159,,False
Good video. I am a beginner at this and have never done anything like this. I was able to understand everything that you showed and I appreciate that,:thumbsup:,neutral,0.065,0.764,0.171,,False
"definitely a great ""getting started"" tutorial. Very well done, very clear. Thanks!",:thumbsup:,positive,0.0,0.31,0.69,,True
Very HelpfulÃ°ÂŸÂ‘ÂÃ°ÂŸÂ‘ÂÃ°ÂŸÂ‘ÂÃ°ÂŸÂ‘Â,:clap:,neutral,0.0,1.0,0.0,,False
How did you get SF Pro Display font?,:eyes:,neutral,0.0,1.0,0.0,,False
Beautiful,:musical_note:,positive,0.0,0.0,1.0,,True
Amazing.priceless,:ok_hand:,neutral,0.0,1.0,0.0,,False
"Nailed it with the ""banking app""Ã°ÂŸÂ˜Â‚",:muscle:,neutral,0.0,1.0,0.0,,False
best tutorial so far.. you got a new subsciber,:clap:,neutral,0.0,0.656,0.344,,False
"One of the best videos I have watched on getting started as a beginner, now itÃ¢Â€Â™s time to practice and replicate more figma designs, thank you!",:thumbsup:,neutral,0.0,0.768,0.232,,False
ez af,:sunglasses:,positive,0.0,0.286,0.714,,True
YouÃ¢Â€Â™re awesome! I subscribed,:heartbeat:,positive,0.0,0.406,0.594,,True
Thanks for precisely explaining each nd every point. I'm not at all into a design but but could get every bit of it by ur video. u r a great teacher I'd say. Lots of love .. Thanks!!,:yellow_heart:,neutral,0.0,0.656,0.344,,False
This was very helpful and thanks for making this,:blush:,neutral,0.0,0.528,0.472,,False
Is there a way to copy an existing element as is with its styles and settings to another screen/frame?,:confused:,neutral,0.0,1.0,0.0,,False
I am trying to get free figma resource to try the experience of figma tool but it seems no longer having free templates.,:cry:,neutral,0.095,0.68,0.224,,False
This is insane. You literally saved me from taking an 11-hour course. I just needed the essentials to mock up my personal website. Thanks man!,:thumbsup:,neutral,0.169,0.646,0.184,,False
"Thank you, very helpful!",:clap:,positive,0.0,0.254,0.746,,True
Hi! I have just uploaded on my channel a Figma speed design of a dashboard. Feedbacks are appreciated!,:thumbsup:,neutral,0.0,0.814,0.186,,False
"Is the figma resources website you used for the UI templates  still available I couldnt find it,Are there alternative sites I could use for already designed templates",:cry:,neutral,0.0,1.0,0.0,,False
I'm so thankfull for this videoÃ°ÂŸÂ¥Âº very helpfullllÃ°ÂŸÂ¥Â°,:pray:,neutral,0.0,1.0,0.0,,False
Thanks,:kissing_heart:,positive,0.0,0.0,1.0,,True
THANK YOU,:pray:,positive,0.0,0.286,0.714,,True
"Please, can I use my iPhone for this?",:pray:,neutral,0.0,0.753,0.247,,False
"This is a well-detailed Figma tutorial compare to others, nice animation, compelling audio, cool lightning and easy to understand approach without confusing me. I love how you do this. Kudos to you! :D",:heartbeat:,neutral,0.0,0.511,0.489,,False
"wow, this was amazing!!! with out even thinking about it so deep... i fully understand the concept. we love it and hopping to watch more ofyour videos. thanks once again....",:thumbsup:,neutral,0.0,0.621,0.379,,False
If I already know how to code UI's is there much point in learning figma??,:confused:,neutral,0.0,1.0,0.0,,False
I can't find the exact template he copiedÃ°ÂŸÂ¥Â¶,:angry:,neutral,0.0,1.0,0.0,,False
"Hi! How can I be a better UX/UI designer? I know nothing about designing and I want to learn. Please I need help
How and where did you learn from?",:pray:,neutral,0.0,0.725,0.275,,False
"Same here honestly, I already got a course but it's overwhelming with the number of hours

Plus I'm a Brand designer so combining that huge hour of study was scary until AJ and smart made it easier",:sweat_smile:,neutral,0.087,0.628,0.285,,False
I was diagnosed with Figma...,:mask:,neutral,0.0,1.0,0.0,,False
"Great introduction! Thank you, AJ.",:clap:,positive,0.0,0.303,0.697,,True
Love it!,:heart_eyes:,positive,0.0,0.182,0.818,,True
"Vodafone Mobile App UI UX Design Using Figma Ã°ÂŸÂÂ‰
Full Video: https://youtu.be/Oky0Q7mZVH8",:rage:,neutral,0.0,1.0,0.0,,False
"Great stuff thanks AJ. For those geek-y ones, this channel is showing a real, everyday use of Figma by UI designer. Fun to watch too :-) https://youtu.be/ZtRI0oIuiOE",:thumbsup:,neutral,0.0,0.646,0.354,,False
"i love u bro, thank you",:pray:,positive,0.0,0.374,0.626,,True
"Just getting started with Figma and I must say this is the most helpful tutorial I've come across, really appreciate the time spent on making this. Thank you!!",:blush:,neutral,0.0,0.724,0.276,,False
"Amazing. Thank you, Amar",:heartbeat:,positive,0.0,0.241,0.759,,True
"your setup and camera and stuff is so good , i love it",:smiling_imp:,neutral,0.0,0.581,0.419,,False
Could you please make a video about how to build a medical app or platform quickly and show us the mockup or the prototype. I would appreciate if you could show us the whole project in a one stop shop. Thanks,:thumbsup:,neutral,0.047,0.786,0.168,,False
"I love this tutorial. Thanks AMR, Thanks AJ&Smart",:kissing_heart:,positive,0.0,0.333,0.667,,True
how can i creat a comment post page ?,:neutral_face:,neutral,0.0,1.0,0.0,,False
Wow! Amazing COMPETENTFUNDÃ°ÂŸÂÂ¡COM full of greatness thank you. IÃ¢Â€Â™ll refer it many times over IÃ¢Â€Â™m sure no one come close to you with all youÃ¢Â€Â™ve been doing since we meet surely coming back for more my life has turn around now,:thumbsup:,neutral,0.042,0.663,0.295,,False
Very nice,:clap:,positive,0.0,0.244,0.756,,True
WhatÃ¢Â€Â™s figma,:eyes:,neutral,0.0,1.0,0.0,,False
Thank you so much for the great lecture.,:clap:,positive,0.0,0.476,0.524,,True
"Nice work Aj Ã°ÂŸÂ‘Â 
More wisdom Ã°ÂŸÂ™Â 
Please how can I take a course in Ux Ui and get a certificate 
Or do you have any better company for that..",:thumbsup:,neutral,0.0,0.685,0.315,,False
"Great video, thanks bro",:thumbsup:,positive,0.0,0.222,0.778,,True
Brilliant delivery! Excellent quality,:thumbsup:,positive,0.0,0.204,0.796,,True
so thorough but quick. thanks so much!,:blush:,neutral,0.0,0.592,0.408,,False
"What is Figma, I might ask?",:smirk:,neutral,0.0,1.0,0.0,,False
another warrior lost to Ligma... Fly high brother,:pray:,neutral,0.247,0.753,0.0,,False
Are you using free version or paid version?,:eyes:,neutral,0.0,0.68,0.32,,False
Thanks Ã°ÂŸÂ˜ÂŠ,:heartbeat:,positive,0.0,0.256,0.744,,True
kakashi sensei Ã°ÂŸÂ˜Â„ i like you made this i need these thinks thanks a lot,:pray:,neutral,0.0,0.707,0.293,,False
This is a very clear and straight video.  Awesome,:thumbsup:,positive,0.0,0.396,0.604,,True
You have done it in a great way. You are doing well. It's really helpful for me.,:thumbsup:,neutral,0.0,0.601,0.399,,False
"Thanks mate, much appreciated Ã°ÂŸÂ‘Â",:thumbsup:,positive,0.0,0.326,0.674,,True
"Thanks mate, much appreciated Ã°ÂŸÂ‘Â",:thumbsup:,positive,0.0,0.326,0.674,,True
Copy to figma button not shown there is download button plz jelp,:pray:,neutral,0.0,0.894,0.106,,False
"I feel like the figmaresources website has changed and on top of that i do not see ""copy to figma"" option .. can anyone help ?",:confused:,neutral,0.0,0.767,0.233,,False
"I cannot align all the pages of the brochure vertically, just horizontally. It would be great if you explain clearly.",:notes:,neutral,0.0,0.726,0.274,,False
Thank you it was perfectÃ°ÂŸÂ‘ÂÃ°ÂŸÂÂ¼Ã°ÂŸÂ‘ÂÃ°ÂŸÂÂ¼Ã°ÂŸÂ‘ÂÃ°ÂŸÂÂ¼Ã°ÂŸÂ‘ÂÃ°ÂŸÂÂ¼,:heartbeat:,neutral,0.0,0.615,0.385,,False
it was so helpful tutorial thanks,:thumbsup:,positive,0.0,0.371,0.629,,True
is possible to transfer the project in figma to a portfolio website? How do I create a website to display the projects?,:confused:,neutral,0.0,0.895,0.105,,False
love this guy,:heart_eyes:,positive,0.0,0.323,0.677,,True
"One little questionÃ°ÂŸÂ™Â‹â€Ã¢Â™Â‚ Has anyone tried to use Figma on Macbook air with an M1 or M2 chip? I wanna buy a new laptop but I'm afraid MacBook air is not powerful enough to run it(I'm using MacBook air 2018 now,  turning sooo hot when running Figma)ğŸ¥²",:cry:,neutral,0.061,0.939,0.0,,False
You are looking like Seth Rollins (WWE),:muscle:,neutral,0.0,0.706,0.294,,False
"When I saw you, I just thought you were WWE's Seth rollins.",:broken_heart:,neutral,0.0,1.0,0.0,,False
bro thank youuuuuu:elbowcough:,:pray:,positive,0.0,0.444,0.556,,True
How do you import a figma template through a link into your workspace?,:confused:,neutral,0.0,1.0,0.0,,False
Figma? Pffft. Let me guess. Figma balls? Nice try. Im too smart for that.,:clap:,neutral,0.0,0.672,0.328,,False
The right bottom corner of your beard should be rounded 8 pixels.,:sunglasses:,neutral,0.0,1.0,0.0,,False
"Great one sir, thanks a lot",:thumbsup:,positive,0.0,0.364,0.636,,True
"thank you master


i m bringing all my friends to this channel to learn like n subscribe",:pray:,neutral,0.0,0.633,0.367,,False
"One of my best friends died from figma.



Figma balls.",:cry:,positive,0.201,0.391,0.408,,True
I really appreciate how you explain and make it so easyÃ¢Â€Â¦ I definitely would recommend your channel to others,:thumbsup:,neutral,0.0,0.654,0.346,,False
Is figma for free?,:eyes:,positive,0.0,0.476,0.524,,True
"Have been using Figma for some months figuring most out myself, but this was a good beginner tutorial. One tip to make picking colors quicker is just to press ""i"" on your keyboard, immediately will make the eyedropper pop up. Saves a few clicks!",:thumbsup:,neutral,0.0,0.912,0.088,,False
Beautiful Presentation,:clap:,positive,0.0,0.204,0.796,,True
please i need the exact site you copied the prototype you used in the dewsign; i searched but could't find it. Thanks,:thumbsup:,neutral,0.0,0.784,0.216,,False
This video help me lot very informative,:clap:,neutral,0.0,0.69,0.31,,False
Brilliant tutorial! Very easy to follow and understand. Thanks so much for the upload!,:thumbsup:,neutral,0.0,0.512,0.488,,False
This has given me so much confidence to get started - amazing tutorial and great tips!,:thumbsup:,neutral,0.0,0.525,0.475,,False
"why don't you use align (horizontal) to line up the new and old elements, as opposed to using pixel distances?",:confused:,neutral,0.0,1.0,0.0,,False
"Agreed and Agreed:  Nice job on the actual production of the video.  Nice speed of explanation, not too long of a video.  I am a UX Design Intern and I wish I would have found this video about 6 months ago.",:thumbsup:,neutral,0.0,0.742,0.258,,False
thanks for this!,:thumbsup:,positive,0.0,0.385,0.615,,True
For getting Dimensions of original file double click is not working????,:rage:,neutral,0.0,0.754,0.246,,False
"you save my life :,)",:notes:,neutral,0.0,0.556,0.444,,False
Adorable thanks <3,:kissing_heart:,positive,0.0,0.0,1.0,,True
This is awesome tutorial thank you,:pray:,positive,0.0,0.377,0.623,,True
It was extremely helpful. Thank you so much for the Video. Subscribed to your Newsletter as well.,:blush:,neutral,0.0,0.637,0.363,,False
Curious what do you recommend for a screen recording for recording your processes? I work on a PC but wanted to be able to record long good quality videos of my work process in Figma.,:confused:,neutral,0.0,0.815,0.185,,False
Figma is awesome. Thanks for the tutorial,:thumbsup:,positive,0.0,0.417,0.583,,True
"I feel good about Starting this journey now
Thank You so much Ã¢ÂœÂ¨",:muscle:,neutral,0.0,0.671,0.329,,False
Does anyone still have the original files used in this video? The Food Delivery UI was updated by the author and no longer looks this way.,:confused:,neutral,0.077,0.842,0.081,,False
Sure thing!,:musical_note:,positive,0.0,0.278,0.722,,True
Hey Douwe! This is simply the fastest way to align elements on the screen.,:thumbsup:,neutral,0.0,1.0,0.0,,False
Hey Jacob! Thanks! How are you enjoying your internship?,:smile:,neutral,0.0,0.504,0.496,,False
You bet!,:ok_hand:,neutral,0.0,1.0,0.0,,False
Ã°ÂŸÂ¤Â— happy to help,:heartbeat:,positive,0.0,0.238,0.762,,True
I'm glad you like it,:wink:,positive,0.0,0.353,0.647,,True
You're very welcome!,:blush:,positive,0.0,0.358,0.642,,True
"Awesome, thank you!",:smile:,positive,0.0,0.127,0.873,,True
Hey there! At AJ&Smart we use Loom and love it!,:smile:,neutral,0.129,0.545,0.326,,False
It really is!,:angry:,neutral,0.0,1.0,0.0,,False
You got this!,:muscle:,neutral,0.0,1.0,0.0,,False
Hey Andrew! You can really use any file posted in the Figma community. The tips in the video still apply Ã°ÂŸÂ’Â¯,:thumbsup:,neutral,0.0,1.0,0.0,,False
when i hold options button it duplicates,:triumph:,neutral,0.0,1.0,0.0,,False
Anyone knows how I can just change the colour of the shape's border?,:confused:,neutral,0.0,1.0,0.0,,False
can I apply a job as UI UX designer with Only I can use Figma?,:confused:,neutral,0.0,1.0,0.0,,False
Great video! Although I find the newsletter and subscribe to yt videos a bit too repetitive and distracting.,:thumbsup:,neutral,0.19,0.636,0.174,,False
"Firstly, great video. It's rare to find a channel that ""gets"" how to communicate effectively to their specified audience.

I was looking at getting into UX/CX Design and was told to look into Figma... what I'm seeing is an app that, at it's core, is assisting a designer to quickly create page templates using HTML and CSS. Is this fundamentally all it does?",:rage:,neutral,0.0,0.868,0.132,,False
Dude. Thanks,:thumbsup:,positive,0.0,0.256,0.744,,True
"Hi, quick question, im in Starter Plan, how long draft file can be stored? is there any time limit? or draft file will be forever there,",:smile:,neutral,0.0,1.0,0.0,,False
Ã°ÂŸÂ¤ÂŸ,:heartbeat:,neutral,0.0,1.0,0.0,,False
Beautiful tutorial. Creativity requires the courage to let go of certainties. :),:heartbeat:,positive,0.0,0.324,0.676,,True
At starting how did you delete that frame ?,:confused:,neutral,0.0,1.0,0.0,,False
It is very helpful to start the figma Ã°ÂŸÂ‘Â,:thumbsup:,neutral,0.0,0.721,0.279,,False
thanks its really a great start for me,:thumbsup:,positive,0.0,0.452,0.548,,True
Very well explained tutorial. DonÃ¢Â€Â™t stop teaching. Amazing. Thanks for this.,:thumbsup:,positive,0.12,0.383,0.497,,True
"This video is so easy to understand, that my 63 year old (ex bank manager) dad watched this entire video 'with interest'Ã°ÂŸÂ˜Â",:flushed:,neutral,0.0,0.849,0.151,,False
Thank you for this quality content !,:pray:,neutral,0.0,0.682,0.318,,False
Thanks your tutorial really help me a lot :),:heartbeat:,positive,0.0,0.403,0.597,,True
"Thank u so much! Amazing explanation, god bless u! :)",:heartbeat:,positive,0.0,0.249,0.751,,True
figma balls,:mask:,neutral,0.0,1.0,0.0,,False
Video starts at 5::10,:muscle:,neutral,0.0,1.0,0.0,,False
"Why is mine displaying totally different when duplicated? It is not in the easy format yours seems to be. The page headings aren't displayed the same. If I select one of the pages, it doesn't show me what the frame is when I look(nothing is ticked, just 'frame'). It's making it difficult to follow along.",:angry:,neutral,0.129,0.871,0.0,,False
Hey there! YouÃ¢Â€Â™ll need to add a stroke to the shape in the panel on the right. Ã°ÂŸÂ™ÂŒ,:muscle:,neutral,0.0,1.0,0.0,,False
"Hi Moe! Yes, if you use Figma, you'll be able to use other tools like Sketch and Adobe XD. They are all very similar. Remember though, it's not about the tools you use but your design process and your portfolio!",:heartbeat:,neutral,0.0,0.901,0.099,,False
Noted!,:thumbsup:,neutral,0.0,1.0,0.0,,False
Hey Luke! Figma doesn't really create any code but there are some useful plugins you can use to make the designer handoff to developers easier.,:thumbsup:,neutral,0.048,0.702,0.25,,False
Happy to help,:blush:,positive,0.0,0.135,0.865,,True
Hey Naufal! This page might be helpful: https://www.figma.com/pricing/,:smile:,neutral,0.0,0.694,0.306,,False
Ã°ÂŸÂ™ÂŒ,:muscle:,neutral,0.0,1.0,0.0,,False
So true!,:thumbsup:,positive,0.0,0.228,0.772,,True
Glad you think so!,:thumbsup:,positive,0.0,0.477,0.523,,True
More to come!,:pray:,neutral,0.0,1.0,0.0,,False
Best complement ever! Ã°ÂŸÂ˜Â,:blue_heart:,positive,0.0,0.4,0.6,,True
Ã°ÂŸÂ™ÂŒ,:muscle:,neutral,0.0,1.0,0.0,,False
Can I copy an image from another page of figma so I can paste it in another figma page?,:sweat_smile:,neutral,0.0,1.0,0.0,,False
"I hate people who tell me to copy from others. If you think I can't understand the deeper concepts, teach me only the once I can understand or do a better job to make me understand. Ã°ÂŸÂ‘Â",:rage:,neutral,0.089,0.841,0.07,,False
What tool are you using to record your screen?,:angry:,neutral,0.0,1.0,0.0,,False
Thanks! Great Appreciation Man.,:thumbsup:,positive,0.0,0.086,0.914,,True
"I know nothing about Figma, but I found this video did an excellent job of describing it. One thing I do find lacking, unless you didnÃ¢Â€Â™t show it, but the single greatest advancement Figma could do to improve their UI would be enabling Option Drag from the design being copied from, to the new design. I saw you demonstrate copy/paste within the new design, but never saw you copy from the design youÃ¢Â€Â™re copying from to the new design. IÃ¢Â€Â™m assuming Figma canÃ¢Â€Â™t. Crazy.",:thumbsup:,neutral,0.055,0.797,0.148,,False
Omg. YouÃ¢Â€Â™re the best. Watching this rn and I donÃ¢Â€Â™t even feel like a beginner anymore. This is really great! Thank youÃ¢ÂÂ¤Ã¯Â¸Â,:clap:,neutral,0.0,0.56,0.44,,False
Thanks alot!  This was awesome!,:thumbsup:,positive,0.0,0.283,0.717,,True
I love your videos but your hand gestures send my misokinesia into overdrive. It's so hard to focus on what you're saying.,:persevere:,neutral,0.082,0.674,0.245,,False
"This is the most useless video I've ever seen on a programming process. ""Sign up for Figma, copy and paste from an existing design and copy the parameters of the original.""
That's the WHOLE video. Avoid.",:rage:,neutral,0.13,0.813,0.057,,False
"I am out of words to appreciate this masterpiece, you are a true legend who has saved many people's life.",:pray:,neutral,0.0,0.548,0.452,,False
followed the link of the template but I can't locate the icon 'copy to figma ',:cry:,neutral,0.0,1.0,0.0,,False
"Halloo  Sir  First  i thanks from the nice  Video course ,and  Sir  pleass  i  Want  to Know ist es  free or i shout pay afther signup ? Thanks If you  answer men",:relaxed:,neutral,0.034,0.64,0.325,,False
Your video was good and I tried it myself and got better results Ã°ÂŸÂ˜ÂÃ°ÂŸÂ˜ÂÃ°ÂŸÂ˜,:muscle:,neutral,0.0,0.674,0.326,,False
"@AJ&Smart Sir, I am new to figma. i don't know why some of the pictures i added to my design are not showing up in the presentation mode. Please tell me what to do",:pray:,neutral,0.0,0.935,0.065,,False
Hi classmates.,:relaxed:,neutral,0.0,1.0,0.0,,False
Vidoe starts @2:29,:muscle:,neutral,0.0,1.0,0.0,,False
"Thank you very much for this
Very valuable Ã°ÂŸÂ’Â¯",:pray:,neutral,0.0,0.543,0.457,,False
This video is really helpful.... Thanks a lot,:thumbsup:,positive,0.0,0.489,0.511,,True
"Thank you for this, it was fantastic. I have a contract starting in two days, and the client uses Figma, which I never have before. I was pretty sure it would be similar to Sketch, and I'd therefore be fine, but I needed to be sure. Alas, it's way closer than I ever imagined it would be. Your tutorial gave me confidence to know I'll be able to hit the ground running.",:blush:,neutral,0.032,0.781,0.187,,False
"Thank you, can you do for a website? Or where I can go",:grin:,neutral,0.0,0.828,0.172,,False
Thank you so much for this super-easy-to-follow tutorial. I am having so much fun!!,:smile:,neutral,0.0,0.643,0.357,,False
"Thanks for your feedback, Christopher! We hope this tutorial made it easier for you to create your own design Ã°ÂŸÂ™ÂŒ",:thumbsup:,neutral,0.0,0.593,0.407,,False
Hey Ariel! We use Loom Ã¢ÂœÂ¨,:stuck_out_tongue_winking_eye:,neutral,0.305,0.695,0.0,,False
Glad it helped!,:thumbsup:,positive,0.0,0.378,0.622,,True
"Thanks for your feedback, Helena. Less hands next time Ã°ÂŸÂ™ÂŒÃ°ÂŸÂ‘Â‹Ã°ÂŸÂ‘ÂŒÃ°ÂŸÂ‘ÂÃ°ÂŸÂ˜ÂŠ",:wink:,neutral,0.0,0.756,0.244,,False
Ahaha. Thanks Muhammad! We wouldnÃ¢Â€Â™t go THIS far but happy it was helpful Ã°ÂŸÂ™Â‚,:facepunch:,neutral,0.0,0.5,0.5,,False
Hey Okinda! This might be useful https://help.figma.com/hc/en-us/articles/360038510873-Duplicate-Community-files,:wink:,neutral,0.0,0.653,0.347,,False
Figma is free but of course youÃ¢Â€Â™ll have to upgrade once you reach a certain number of Pages in your project.,:wink:,neutral,0.0,0.697,0.303,,False
Love to hear that! Ã°ÂŸÂ™Â‚,:blue_heart:,positive,0.0,0.471,0.529,,True
Hmmm. ThatÃ¢Â€Â™s really difficult to answer without seeing the prototype. Did you make sure the image is part of the art board youÃ¢Â€Â™re trying to present? You can check that in the panel on the left.,:rage:,neutral,0.071,0.87,0.059,,False
"Do you have more questions about Figma? Leave them in the comments below Ã°ÂŸÂ‘Â‡
And if you want to become a UX designer but don't know how to get started check out our video on that topic Ã°ÂŸÂ‘Â‰ https://youtu.be/t0aCoqXKFOU",:rage:,neutral,0.028,0.943,0.029,,False
thank you for your really good tutorial... please learn us UI design step by step on more videos... tnx again,:pray:,neutral,0.0,0.601,0.399,,False
So nice. May I know how to link the button links to other pages? I see some other people posting like a network of pages. I want to konw how that works. Great vid!,:thumbsup:,neutral,0.0,0.727,0.273,,False
Big time saver for beginners to get started,:raised_hands:,neutral,0.0,1.0,0.0,,False
Ã°ÂŸÂ‘ÂŒ,:muscle:,neutral,0.0,1.0,0.0,,False
Please you often use the word double click option . Which of the key on the keyboard do you refer to option key? is it the function key Fn key+Alt together to get the exact measurement ?,:eyes:,neutral,0.0,0.931,0.069,,False
your tutorial is very awesome. This is my first time of searching for this course and with your lecture I caught the vision quickly,:sparkles:,neutral,0.0,0.775,0.225,,False
This is crazy. I really thought it was gonna be hard but this is already stuff IÃ¢Â€Â™ve been doing for fun for years Ã°ÂŸÂ˜Â­ IÃ¢Â€Â™m half way through my UX design course. HavenÃ¢Â€Â™t gotten to the fun parts like this yet,:cry:,neutral,0.057,0.705,0.238,,False
Thanks. Read an article at CNBC today about Figma. Signed up and created my first project following you. Only issue. ALT was not giving me the distances like you showed.,:rage:,neutral,0.057,0.734,0.209,,False
thank you! i want to start learning using figma but was super confuse on what to do. but now i know how!,:grimacing:,neutral,0.081,0.617,0.303,,False
Being a beginner how I should start,:relieved:,neutral,0.0,1.0,0.0,,False
Can we use fiqma  in android smartphones,:pray:,neutral,0.0,1.0,0.0,,False
Do you have any video on design principles?,:eyes:,neutral,0.0,1.0,0.0,,False
This is perhaps the most helpful ui video I watched as a beginner,:sweat_smile:,neutral,0.0,0.795,0.205,,False
very good ty :D,:heartbeat:,positive,0.0,0.088,0.912,,True
"Awesome tutorial Masha Allah. Thanks a lot, you made my day.",:heartbeat:,neutral,0.0,0.562,0.438,,False
THANK YOU SO MUCHHHHH i just began learning UI design today and this video really helped me with some basic things,:sparkles:,neutral,0.0,0.861,0.139,,False
how do i create a white background please,:tired_face:,neutral,0.0,0.577,0.423,,False
This is so helpful!,:thumbsup:,positive,0.0,0.434,0.566,,True
"LITERALLY   LITERALLY  LITERALLY  LITERALLY  LITERALLY..... uughh, please learn how to stop saying this word.",:rage:,neutral,0.133,0.727,0.139,,False
Hi AJ&Smart I'd like to as you a Question what do you mean by theory of design ?!  pls I would like to know.,:sparkles:,neutral,0.0,0.761,0.239,,False
"Hi, Sir. I have a question. When I try to create the same exact frame style, it doesn't say what type of frame specifically just like in your tutorial.",:expressionless:,neutral,0.0,0.854,0.146,,False
This video was really helpful thank you.,:relieved:,positive,0.0,0.46,0.54,,True
Mine isn't looking quite like this since that Font isn't avail.... also some of the specifics aren't working for me.  But I guess it's some practice for beginners like myself.,:confused:,neutral,0.051,0.851,0.099,,False
Wow! I think I could do this for a living. That would be cool.,:sunglasses:,neutral,0.0,0.652,0.348,,False
Nah,:hand:,negative,1.0,0.0,0.0,,True
"hey! My figma doesn't have the option to ""duplicate to drafts"" so I'm stuck in view mode. Do you know how to fix this? cheers!",:angry:,neutral,0.077,0.78,0.143,,False
"Please make more videos I like you guys  you guys humble and cool. Especially the guy in this video.. the way he says things with great enthusiasm, that helps easy to gasp things.",:thumbsup:,neutral,0.0,0.567,0.433,,False
"I canÃ¢Â€Â™t find any free icons
Help please",:pray:,positive,0.0,0.376,0.624,,True
Im less than 4 minutes in and already this is so beneficial. Thnak you so much for this content.,:relieved:,neutral,0.0,0.828,0.172,,False
"Hi Sir, do you also teach other tools that help for Business Analyst career?",:wink:,neutral,0.0,0.828,0.172,,False
"Hi sir, if creating a new design as portfolio on Figma, can I also add motion to it?",:wink:,neutral,0.0,0.885,0.115,,False
"thank you! wow, as a graphic designer who uses Photoshop and illustrator...I had no idea how simple this program was, and here I was telling people ""sorry no I don't do Figma"", hehe. Also...will you have a video of the part where Figma shares with other workers? and what do you do after the design? do you export? etc? I havent' played around with it yet but just curious, thanks!!!",:thumbsup:,neutral,0.072,0.748,0.18,,False
AJ one question can I copy a picture from one page from figma to other figma page?,:eyes:,neutral,0.0,1.0,0.0,,False
"AJ am not sure if you got my question? Cause I donÃ¢Â€Â™t see it, could I pay an image from a page from figma to other from figma as well?",:stuck_out_tongue_winking_eye:,neutral,0.113,0.823,0.064,,False
Curious what do you recommend for a screen recording for recording your processes? I work on a PC but wanted to be able to record long good quality videos of my work process in Figma.,:confused:,neutral,0.0,0.815,0.185,,False
I've been trying to copy a file onto figma it's way harder than how you show it on the video all I get is download but no open in figma. Please help what am I doing wrong or what am I suppose to do?,:cry:,neutral,0.13,0.748,0.122,,False
Where is this template that you used?,:notes:,neutral,0.0,1.0,0.0,,False
"Hi. This video was incredibly helpful but I'm having a hard time finding the exact same website you got the resource from. Are there any other sites that have that ""copy to FIgma"" feature? Thanks again for the video!",:thumbsup:,neutral,0.037,0.822,0.141,,False
"hi! i cannot get my icon to paste in front of the white circle - everytime i try, it pastes behind and i cannot figure out how to bring to front. what am i doing wrong? thanks!!",:rage:,neutral,0.095,0.836,0.069,,False
Amazing course.,:information_desk_person:,positive,0.0,0.208,0.792,,True
"hi, can you do a video about how are components used in figma? how can we use them to create a sticker sheet of our own apps? and i really liked this video , came to know about so many things... thanks",:blush:,neutral,0.0,0.817,0.183,,False
"Once again congrats for this super helpful video! This is just straight to the point, detailed and very easy to follow. Congrats AJ&Smart for the amazing content and talented people you have!!! Keep up the good work! :)",:thumbsup:,positive,0.0,0.461,0.539,,True
"Good day coach, am pretty new to this but am very much interested in knowing this figma. can you help because i really enjoyed your video that i just watched",:thumbsup:,neutral,0.0,0.603,0.397,,False
This is the best,:heart_eyes:,positive,0.0,0.417,0.583,,True
I am a beginner.... It's really useful for me.... Thank you brother,:thumbsup:,neutral,0.0,0.637,0.363,,False
"thank you very much sir, but how can you play your designs after you are done with your designs because i design with xd.",:heartbeat:,neutral,0.0,0.819,0.181,,False
thanks. short and to the point,:thumbsup:,neutral,0.0,0.633,0.367,,False
I love it can I start with a smart phone I donÃ¢Â€Â™t have laptop,:smile:,neutral,0.0,0.635,0.365,,False
THANK YOU,:pray:,positive,0.0,0.286,0.714,,True
"hi, I'm unable to copy Figma resources to the Figma panel, can anyone help me out, it only has a download option!!!",:cry:,neutral,0.0,0.854,0.146,,False
"Amazing video. Was very demotivated at the start. This video helps me understand the possibilities for this. Thank you so much, AJ!",:thumbsup:,neutral,0.0,0.665,0.335,,False
"Thank you for your great video and tips. After my Figma designed was done, I been trying to use the play button to see how it looks but it looks empty, nothing on it.. I dont know how to see my design, any help @AJ&Smart",:thumbsup:,neutral,0.043,0.773,0.185,,False
I'm having trouble finding the templates website. Do you know if that website is still available? The ones I've seen look different and have a different domain. Thanks in advance.,:expressionless:,neutral,0.08,0.833,0.086,,False
figmaresources got taken over by templatefreebees that loads up dibbble. You can still copy the images and paste them into Figma but you won't get the full effect of seeing those redlines,:rage:,neutral,0.0,1.0,0.0,,False
"Thank you! I'm starting a course in a few weeks and this makes me have a little more confidence, as I have no experience!  You are a great instructor!!!",:thumbsup:,neutral,0.057,0.653,0.289,,False
Dude just earned my respect <3,:100:,positive,0.0,0.4,0.6,,True
AIght let's do this!,:muscle:,neutral,0.0,1.0,0.0,,False
"Highly recommended, explained step by step, so clear and understandable.",:thumbsup:,neutral,0.0,0.594,0.406,,False
Thank you so much for your amazing tutorial.,:two_hearts:,positive,0.0,0.488,0.512,,True
Hi! Great easy to understand content. I have a question though. Let's say you work for a company with a team. What about if you don't have the exact icons you need or you are looking for? Do you design them yourself if skilled enough or is there any team member within the company that can do this graphic design? Thanks!,:thumbsup:,neutral,0.0,0.842,0.158,,False
Hi! how do you create the image of the video? with the cellphone design,:sparkles:,neutral,0.0,0.845,0.155,,False
"thank you so much, I loved this video.",:heartbeat:,positive,0.0,0.474,0.526,,True
"This is amazing, I followed your instructions step by step and I designed an online shop and I am really happy that I managed to design something even though it has a lot of problems. Thank you so much",:sparkling_heart:,neutral,0.056,0.729,0.214,,False
Great video. cheers...,:thumbsup:,positive,0.0,0.122,0.878,,True
Keep up the good work Ã°ÂŸÂ‘ÂÃ°ÂŸÂ’Â–,:muscle:,neutral,0.0,0.633,0.367,,False
Sir how do u create that design shade of purple,:confused:,neutral,0.0,0.811,0.189,,False
this was a fantastic tutorial. Thank you from Nepal,:pray:,neutral,0.0,0.534,0.466,,False
"Thank you so much, you're a blessing!!!!",:pray:,positive,0.0,0.421,0.579,,True
"This is such a great video! Been binging your content - what can I say, IÃ¢Â€Â™m hooked!

Just curious; when creating a title to replicate the existing one Ã¢Â€Âœnon-contact deliveriesÃ¢Â€Â why didnÃ¢Â€Â™t you just hold option and drag it to duplicate the content?",:thumbsup:,neutral,0.038,0.779,0.183,,False
"Hi! I'm new in my UI journey and I am not seeing the, ""copy to Figma"" button on a lot of the templates I really like on figmaresources. Is figmaresources still the resources you recommend to beginners?",:wink:,neutral,0.0,0.862,0.138,,False
I am just starting learning how to use Figma for the UX design course I am taking. I tried watching a few tutorial videos. Unfortunately I couldn't follow. So glad that I came across your video. Your tutorial is the best for the beginners. Thank you.,:thumbsup:,neutral,0.044,0.764,0.192,,False
"Thanks so much, you just saved tons of hours, I'm already a skilled graphic designer so this transition/explore has been made easy.

Cheers to AJ&Smart",:thumbsup:,neutral,0.0,0.642,0.358,,False
Very good tutorial. Thank you!,:blush:,positive,0.0,0.324,0.676,,True
Amazing video! it's exactly what I was looking for. Thank you so much!Ã°ÂŸÂ™ÂÃ°ÂŸÂÂ»Ã°ÂŸÂ™ÂÃ°ÂŸÂÂ»Ã°ÂŸÂ™ÂÃ°ÂŸÂÂ»,:heartbeat:,neutral,0.0,0.615,0.385,,False
Not the best way to get to know Figma from a beginner standpoint. A project from scratch would be more appropriate.,:confounded:,neutral,0.144,0.856,0.0,,False
"you are amazing   your animation  your audio, everthing was great but i have a question to ask that i have search figma resources just like you said but i didn't  get it and yes how can separate a template like you back there i have tried many times but  i just get a photo can you tell me about spearating a template",:cry:,neutral,0.0,0.792,0.208,,False
hi!! i just start to learn how to use figma and i found your video. i find it really helpful. i want to say thank you for making this video. the audio is really good. it's easy to understand every word that you said. english is not my mother language but im happy that i can learn how to design while learn english listening too. soooo happy! thank you thank you thank you! keep up the good work >.<,:heartbeat:,neutral,0.028,0.644,0.328,,False
This was brilliant sir.  I had fun doing it. Also this the best one I came across. Do you offer any course in ui ux?,:smile:,neutral,0.0,0.661,0.339,,False
"LIKE  
Thank you for sharing this tips and tricks ...",:clap:,positive,0.094,0.374,0.532,,True
"thank you for this super good tutorial! One question: what should I use (from PC) to verify the distance between two elements? You say ""hold options"" but I have no clue about what it means",:sweat_smile:,neutral,0.069,0.763,0.168,,False
"omg, dude.... THANK YOU!!!",:raised_hands:,positive,0.0,0.422,0.578,,True
Great tutorial! Very simplified which helps me finding a starting point. When I try to copy over the Figma Template it wonÃ¢Â€Â™t let me download onto Figma and I already have an account open. Any advice?,:thumbsup:,neutral,0.0,0.824,0.176,,False
How can i apply what i have designed in mobile app??,:tired_face:,neutral,0.0,1.0,0.0,,False
Great video!! Would this be a good program to use to make app icons/ icon packs for Android and iPhone? If so could you make a video of it?,:sparkles:,neutral,0.0,0.773,0.227,,False
"Will it automatically write html code in background, how can I see html code in figma in case if i change anything at code level?",:rage:,neutral,0.0,1.0,0.0,,False
your sign out was sharp (lit),:smiling_imp:,neutral,0.0,1.0,0.0,,False
Can you direct me to the exact file to copy?,:eyes:,neutral,0.0,1.0,0.0,,False
Hi! How can I be a better UX/UI designer? I know nothing about designing and I want to learn. Please I need help,:pray:,neutral,0.0,0.667,0.333,,False
you kinda look like seth rolling,:skull:,neutral,0.0,0.692,0.308,,False
"Shortcuts:
Find out how far away elements are from each other: double click until you select the element you want then hold Option/Alt
Create text: ""t""
Create rectangle: ""r""
Copy elements: hold Option/Alt and drag",:thumbsup:,neutral,0.049,0.807,0.143,,False
"How to get free graphics elements ike ... flowers, clouds, ant other stuff... ?",:confused:,neutral,0.0,0.798,0.202,,False
